Metric,Value
Test_loss,0.0006657196667172629
F1_Score,0.0
Accuracy_Score,97.40494844661511
MAE,25.429537
